{
  "parent": "item/handheld",
  "textures": {
    "layer0": "thermal:item/flux_drill",
    "layer1": "thermal:item/flux_drill_outline",
    "layer2": "thermal:item/flux_drill_empty"
  },
  "display": {
    "thirdperson_righthand": {
      "rotation": [0, -90, 45],
      "translation": [ 0, 4.0, 0.5 ],
      "scale": [ 0.85, 0.85, 0.85 ]
    },
    "thirdperson_lefthand": {
      "rotation": [0, 90, -45],
      "translation": [0, 4.0, 0.5],
      "scale": [0.8, 0.8, 0.8]
    },
    "firstperson_righthand": {
      "rotation": [0, -90, 30],
      "translation": [ 1.13, 3.2, 0 ],
      "scale": [ 0.68, 0.68, 0.68 ]
    },
    "firstperson_lefthand": {
      "rotation": [0, 90, -30],
      "translation": [ 1.13, 3.2, 0 ],
      "scale": [ 0.68, 0.68, 0.68 ]
    }
  },
  "overrides": [
    {
      "predicate": {
        "state": 0.5
      },
      "model": "thermal:item/flux_drill_charged"
    },
    {
      "predicate": {
        "state": 0.75
      },
      "model": "thermal:item/flux_drill_active"
    },
    {
      "predicate": {
        "color": 1
      },
      "model": "thermal:item/flux_drill_color"
    },
    {
      "predicate": {
        "color": 1,
        "state": 0.5
      },
      "model": "thermal:item/flux_drill_color_charged"
    },
    {
      "predicate": {
        "color": 1,
        "state": 0.75
      },
      "model": "thermal:item/flux_drill_color_active"
    }
  ]
}