{
  "parent": "thermal:item/flux_drill",
  "textures": {
    "layer2": "thermal:item/flux_drill_active_1",
    "layer3": "thermal:item/flux_drill_active_2"
  },
  "display": {
    "thirdperson_righthand": {
      "rotation": [0, -90, 45],
      "translation": [ 0, 4.0, 0.5 ],
      "scale": [ 0.85, 0.85, 0.85 ]
    },
    "thirdperson_lefthand": {
      "rotation": [0, 90, -45],
      "translation": [0, 4.0, 0.5],
      "scale": [0.8, 0.8, 0.8]
    },
    "firstperson_righthand": {
      "rotation": [0, -90, 30],
      "translation": [ 1.13, 3.2, 0 ],
      "scale": [ 0.68, 0.68, 0.68 ]
    },
    "firstperson_lefthand": {
      "rotation": [0, 90, -30],
      "translation": [ 1.13, 3.2, 0 ],
      "scale": [ 0.68, 0.68, 0.68 ]
    }
  }
}